INSERT INTO tea_room(tea_id, tea_room, tea_room_contact, owner, all_num_employees, address_office) VALUES
(00001, 'Кантата', '+7(495)727-08-00', 'Махалай Махалай', 1200, 'Москва, 1-й Магистральный тупик, 5А'),
(00002, 'Чайный чай', '+7(495)755-06-00', 'Александров Михаил', 50, 'Москва, Кутузовский проспект 64'),
(00003, 'Россыпь', '+7(495)643-23-00', 'Горбаев Савелий', 200, 'Москва, Строй-проспект 85'),
(00004, 'Обскур', '+7(495)564-21-00', 'Солнце Алекасндра', 27, 'Москва, Новослободская улица 94'),
(00005, 'Магия утра', '+7(495)732-01-00', 'Васильев Павел', 54, 'Москва, Тихвинский периулок 23'),
(00006, 'Волшебная церемония', '+7(495)433-96-00', 'Селюцкая Лина', 32, 'Москва, Новодмитровская 23'),
(00007, 'Мать-и-мачеха', '+7(495)124-08-00', 'Самуров Алексей', 403, 'Москва, 3-йя Садовая 98'),
(00008, 'Китайская чайная', '+7(495)432-45-00', 'Могильникова Сайа', 71, 'Москва, улица Миклуха-маклая 90'),
(00009, 'Маленькая ведьма', '+7(495)213-20-00', 'Декартова Мария', 12, 'Москва, Столовая улица 123'),
(00010, 'Чаёвная', '+7(495)420-98-00', 'Иванов Святополк', 44, 'Москва, Лианозовский проезд 34'),
(00011, 'Проща', '+7(495)342-34-00', 'Паркуров Матвея', 123, 'Москва, Долгопрудная улица 34'),
(00012, 'Иванов чай', '+7(495)755-06-00', 'Шараев Сергей', 124, 'Москва, Солнечный тупик 64'),
(00013, 'Сказочная роща', '+7(495)643-23-00', 'Авдольян Анна', 556, 'Москва, Садоваое кольцо 34'),
(00014, 'Разговоры ни о чем', '+7(495)564-21-00', 'Варламов Александр', 35, 'Москва, Дмитровское шоссе 242'),
(00015, 'Флейта чая', '+7(495)732-01-00', 'Капитонов Кирилл', 96, 'Москва, Абрамовский переулок 1'),
(00016, 'Кофейная', '+7(495)433-96-00', 'Максимов Максим', 23, 'Москва, Улица 100 летия Москвы 124'),
(00017, 'Чаепитие царя', '+7(495)124-08-00', 'Савин Алексей', 90, 'Москва, Хорошевская улица 124'),
(00018, 'Чайный Агрегат', '+7(495)432-45-00', 'Могильникова Сайа', 45, 'Москва, Тупик Вернадского 59'),
(00019, 'Маленькое солнце', '+7(495)213-20-00', 'Щукин Никита', 21, 'Москва, Пушкинская улица 65'),
(00020, 'Индийский чай', '+7(495)420-98-00', 'Демидова Марина', 506, 'Москва, проспект Камызяка 34'),
(00021, 'Королева чая', '+7(495)231-42-00', 'Королевна Свтелана', 134, 'Москва, Провеляев пропект 8'),
(00022, 'Нагорный', '+7(495)854-23-00', 'Горбаев Владислав', 95, 'Москва, улица 1925 года 24'),
(00023, 'И Садко здесь был', '+7(495)958-34-00', 'Сладкова Ирина', 45, 'Москва, Ирисков проспект 124'),
(00024, 'Земляничная поляна', '+7(495)276-54-00', 'Никакой Ишак', 43, 'Москва, Площадь Ильича 59'),
(00025, 'Чай Игната', '+7(495)034-36-00', 'Щукин Игнат', 12, 'Москва, Сталинская улица 65');


INSERT INTO shops VALUES
(0000101, 00001, 'Москва, 1-й Магистральный тупик, 5А', 10221, 50, '+7(495)727-08-01', TRUE, FALSE),
(0000201, 00002, 'Москва, Кутузовский проспект 64', 24231, 20, '+7(495)755-06-01', FALSE, TRUE),
(0000301, 00003, 'Москва, Строй-проспект 85', 34321, 30, '+7(495)643-23-01', FALSE, FALSE),
(0000401, 00004, 'Москва, Новослободская улица 94', 2321, 27, '+7(495)564-21-00', TRUE, FALSE),
(0000501, 00005, 'Москва, Тихвинский периулок 23', 4321, 24, '+7(495)732-01-01', TRUE, TRUE),
(0000601, 00006, 'Москва, Новодмитровская 23', 3886, 32, '+7(495)433-96-00', TRUE, TRUE),
(0000701, 00007, 'Москва, 3-йя Садовая 98', 54731, 25, '+7(495)732-01-01', FALSE, FALSE),
(0000801, 00008, 'Москва, улица Миклуха-маклая 90', 3434, 21, '+7(495)432-45-01', TRUE, TRUE),
(0000901, 00009, 'Москва, Столовая улица 123', 676, 12, '+7(495)213-20-00', FALSE, FALSE),
(0001001, 00010,  'Москва, Лианозовский проезд 34', 23432, 22, '+7(495)420-98-00', FALSE, FALSE),
(0000102, 00001, 'Москва, Самарский тупик 12', 2324, 40, '+7(495)727-08-02', FALSE, FALSE),
(0000103, 00001, 'Москва, улица Райгоролского 81', 2358, 20, '+7(495)727-08-03', FALSE, TRUE),
(0000202, 00002, 'Москва, Василевский проезд', 8543, 30, '+7(495)755-06-02', FALSE, TRUE),
(0000302, 00003, 'Москва, Старадворческая улица 34', 2321, 24, '+7(495)643-23-02', TRUE, FALSE),
(0000502, 00005, 'Москва, Тихий периулок 23', 4321, 30, '+7(495)732-01-02', TRUE, TRUE),
(0000802, 00008, 'Москва, Самоварный переулок 23', 42, 34, '+7(495)432-45-02', TRUE, TRUE),
(0001601, 00016, 'Москва, Улица 100 летия Москвы 124', 2485, 23, '+7(495)433-96-01', FALSE, FALSE),
(0001501, 00015, 'Москва, Абрамовский переулок 1', 2413, 21, '+7(495)732-01-01', TRUE, TRUE),
(0001101, 00011, 'Москва, Долгопрудная улица 34', 1423, 19, '+7(495)342-34-01', FALSE, FALSE),
(0001201, 00012, 'Москва, Солнечный тупик 64', 2423, 50, '+7(495)755-06-01', TRUE, FALSE),
(0001301, 00013, 'Москва, Садоваое кольцо 34', 45679, 54, '+7(495)643-23-01', FALSE, TRUE),
(0001701, 00017, 'Москва, Хорошевская улица 124', 3452, 40, '+7(495)124-08-01', FALSE, FALSE),
(0001801, 00018, 'Москва, Тупик Вернадского 59', 2321, 45, '+7(495)432-45-00', TRUE, FALSE),
(0002301, 00023, 'Москва, Площадь Ильича 59', 954, 23, '+7(495)958-34-00', TRUE, TRUE),
(0002501, 00025, 'Москва, Сталинская улица 65', 3922, 12, '+7(495)034-36-00', TRUE, TRUE);


INSERT INTO purchase VALUES
(0000101, 'пуэр', 4, 2043.22, 2),
(0000201, 'ройбуш', 2, 1563.34, 3),
(0000101, 'ройбуш', 3, 1678.33, 5),
(0000201, 'пуэр', 2, 1563.34, 7),
(0000101, 'улун', 2, 1234.2, 6),
(0000201, 'улун', 2, 1234.2, 2),
(0000101, 'каркадэ', 32, 10034.34, 10),
(0000201, 'белый', 2, 34563.45, 12),
(0000101, 'черный', 4, 2423.21, 2),
(0000201, 'зеленый', 5, 16763.34, 3),
(0001001, 'пуэр', 5, 2214.22, 12),
(0002501, 'ройбуш', 2.12, 1414.00, 7),
(0001201, 'ройбуш', 3.64, 1678.33, 8),
(0001301, 'пуэр', 2.04, 1563.34, 10),
(0000103, 'улун', 4.5, 2444.2, 16),
(0001601, 'улун', 3, 2004.2, 2),
(0001701, 'каркадэ', 32, 10034.34, 10),
(0001801, 'белый', 2, 34563.45, 12),
(0001101, 'черный', 4, 3421.21, 2),
(0001101, 'зеленый', 5, 16763.34, 3),
(0001101, 'пуэр', 4, 2043.22, 2),
(0000301, 'ройбуш', 2, 1563.34, 3),
(0000501, 'ройбуш', 4, 3000.33, 1),
(0000601, 'пуэр', 5, 3290.12, 12),
(0000701, 'белый', 7, 10000.2, 20);

INSERT INTO structure VALUES
(1, 'Чай черный', 'черный', 'Прессованый', NULL),
(2, 'Чай зеленый', 'зеленый', 'Прессованый', NULL),
(3, 'Чай белый', 'белый', 'Рассыпной', NULL),
(4, 'Чай желтый', 'желтый', 'Рассыпной', NULL),
(5, 'Чай улун', 'улун', 'Комковый', NULL),
(6, 'Чай "Зимний"', 'черный', 'Пакетированный', 'Облепиха, Апельсин, Имбирь, Корица'),
(7, 'Чай ройбуш', 'ройбуш', 'Прессованный', NULL),
(8, 'Чай "Грудной сбор"', NULL, 'Рассыпной', 'Листья малины, мята, иван-чай, ромашка'),
(9, 'Чай сенча', 'сенча', 'Рассыпной', NULL),
(10, 'Чай зеленый', 'зеленый', 'Экстрат', NULL),
(11, 'Чай "Малина-Земленика"', 'зеленый', 'Пакетированный', 'Малина, Земленика'),
(12, 'Чайник японский', NULL, 'Посуда', NULL),
(13, 'Чайник китайский', NULL, 'Посуда', NULL),
(14, 'Набор для чаепития', NULL, 'Посудда', NULL),
(15, 'Чай "Ваниль"', 'чёнрный', 'Экстрат', 'Ароматизатор(Ваниль)'),
(16, 'Чай китайский черный', 'черный', 'Комковый', NULL),
(17, 'Чай "Капитан Джек Воробей"', 'черный', 'Пакетированный', 'Аромотизатор(Ром), корица, кардамон'),
(18, 'Чай "Клубника со сливками"', 'черный', 'Рассыпной', 'Лепестки василька, клубника сушенная, ваниль'),
(19, 'Чай "На сон гядущий"', NULL, 'Рассыпной', 'Листья малины, мята, корень валерианы, ромашка'),
(20, 'Чай "Черничный пирог"', 'черный', 'Пакетированный', 'Ароматизатор(Черничный пирог)'),
(21, 'Чай "Летние тропики"', 'зеленый', 'Рассыпной', 'Кусочки ананаса, ваниль, лемонграсс, цедра апельсина'),
(26, 'Чай индийский черный', 'черный', 'Комковый', NULL),
(22, 'Чай индийский зеленый', 'зеленный', 'Комковый', NULL),
(23, 'Чай сенча', 'сенча', 'Экстрат', NULL),
(24, 'Чай "Китайские спирали"', 'черный', 'Рассыпной', NULL),
(25, 'Чай каркаде', 'каркаде', 'Прессованый', NULL);


INSERT INTO person VALUES
(1, '+7(953)123-03-56', 'Иван', 'Васильев', NULL, 'М', 23, NULL),
(2, '+7(945)343-23-55', 'Святополк', 'Васильев', 'Глебович', 'М', 65, 'Белый чай'),
(3, '+7(921)243-83-67', 'Ариана', 'Горбунова', 'Васильевна', 'Ж', 32, 'Черный чай, заказывает по средам'),
(4, '+7(954)378-24-32', 'Саманта', 'Савельева', NULL, 'Ж', 43, NULL),
(5, '+7(956)343-57-23', 'Егор', 'Иванов', NULL, 'М', 50, 'Я жуткий чаеман, пью все'),
(6, '+7(923)479-44-34', 'Евгений', 'Кузнецов', NULL, 'М', 21, NULL),
(7, '+7(974)345-23-76', 'Святослав', 'Назаров', NULL, 'M', 32, NULL),
(8, '+7(968)823-54-39', 'Ольга', 'Васильева', NULL, 'Ж', 25, NULL),
(9, '+7(929)564-82-23', 'Варвара', 'Прекрасная', NULL, 'Ж', 18, 'Травяные чаи; Кот-ученый в гости заходит'),
(10, '+7(985)837-59-33', 'Сара', 'Ильева', NULL, 'Ж', 52, NULL),
(11, '+7(934)327-45-43', 'Леонид', 'Васильев', NULL, 'М', 43, 'Чай с ягодами; Аллергия на орехи'),
(12, '+7(957)894-00-21', 'Аграпон', 'Самарьев', 'Евгеньевич', 'М', 43, NULL),
(13, '+7(945)343-23-55', 'Глеб', 'Васнецов', 'Глебович', 'М', 85, 'Лучше чего по-крепче'),
(14, '+7(921)243-83-67', 'Алиса', 'Кладневцева', 'Александровна', 'Ж', 29, 'Черный чай, заказывает по пятницам'),
(15, '+7(954)252-39-49', 'Вера', 'Репей', 'Денисова', 'Ж', 43, NULL),
(16, '+7(956)343-57-23', 'Егор', 'Кудрявцев', 'Александрович', 'М', 84, 'На старосте лет предпечитаю травяные.'),
(17, '+7(935)045-12-45', 'Ярослав', 'Рюрикович', NULL, 'М', 200, 'В загробном мире не хватет вашего прекрасного'),
(18, '+7(924)034-20-39', 'Святослав', 'Архипов', 'Кирилович', 'M', 50, NULL),
(19, '+7(968)823-54-39', 'Марья', 'Быкова', 'Потаповна', 'Ж', 23, NULL),
(20, '+7(925)954-99-12', 'Варвара', 'Премудрая', NULL, 'Ж', 34, 'Желтый чай, прекрасно помогает концентрироватся'),
(21, '+7(000)000-00-00', 'Кощей', 'Бесмертный', 'Чернобогов', 'М', 3000, 'Что-то замогильное'),
(22, '+7(934)327-45-43', 'Леонид', 'Дрема', NULL, 'М', 26, 'Зеленый чай с фруктами'),
(23, '+7(966)432-03-23', 'Баба', 'Яга', NULL, 'Ж', 20, 'Чай с мухоморами'),
(24, '+7(934)232-66-35', 'Богдан', 'Градов', 'Ренатович', 'M', 19, NULL),
(25, '+7(900)823-12-65', 'Лейях', 'Лебедева', NULL, 'Ж', 25, 'Клубника со сливками подходит для сплетен');


INSERT INTO booking VALUES
(1, 1, 5),
(2, 2, 3),
(3, 4, 8),
(4, 1, 9),
(5, 8, 6),
(6, 4, 8),
(7, 3, 9),
(8, 2, 4),
(9, 9, 7),
(10, 5, 1);

INSERT INTO booking_in_shop VALUES
(1, 0000301),
(2, 0000501),
(3, 0000601),
(4, 0000901),
(5, 0000101),
(6, 0000301),
(7, 0000801),
(8, 0000201),
(9, 0001001),
(10, 0000101);

INSERT INTO assortment VALUES
(1, 0001001, 120.00, '2023-04-19 22:59:00', '2023-04-19 22:59:00'),
(4, 0000601, 1000.00, '2023-04-19 22:59:00', '2023-04-19 22:59:00'),
(2, 0000401, 180.00, '2023-04-19 22:59:00', '2023-04-19 22:59:00'),
(5, 0000101, 230.00, '2023-04-19 22:59:00', '2023-04-19 22:59:00'),
(7, 0000901, 340.00, '2023-04-19 22:59:00', '2023-04-19 22:59:00'),
(4, 0000901, 1200.00, '2023-04-19 22:59:00', '2023-04-19 22:59:00'),
(6, 0000301, 123.00, '2023-04-19 22:59:00', '2023-04-19 22:59:00'),
(3, 0000101, 159.00, '2023-04-19 22:59:00', '2023-04-19 22:59:00'),
(2, 0000301, 234.00, '2023-04-19 22:59:00', '2023-04-19 22:59:00'),
(5, 0000801, 231.00, '2023-04-19 22:59:00', '2023-04-19 22:59:00');
